date,lst_token,protocol,underlying,exchange_rate,staking_apy_pct,rewards_apy_pct,total_apy_pct,tvl_usd,validators_count,entry_queue_days,exit_queue_days,withdrawal_time_hours,slashing_events_30d,chain,peg_deviation_pct
2025-06-01,cbETH,Coinbase,ETH,1.0,5.23,1.59,7.12,11372132756,141131,12,9,51,1,Base,0.2064
2025-06-02,wstETH,Lido,ETH,1.000888,4.33,1.12,5.86,16449699247,484357,6,6,1,0,Ethereum,0.0254
2025-06-03,rETH,Rocket Pool,ETH,1.002095,2.8,0.29,3.49,23297185282,129783,30,12,54,1,Arbitrum,-0.3787
2025-06-04,sfrxETH,Frax,ETH,1.003021,3.15,1.18,4.11,13613033351,53920,27,1,33,3,Optimism,-0.2041
2025-06-05,osETH,StakeWise,ETH,1.004557,4.31,0.7,5.43,17497290217,474400,29,9,9,0,Base,-0.4058
2025-06-06,ETHx,Stader,ETH,1.00521,5.25,1.64,6.71,3600450891,496856,17,13,30,1,Ethereum,-0.336
2025-06-07,ankrETH,Ankr,ETH,1.004997,5.48,0.97,6.96,23946848832,279610,17,0,9,0,Arbitrum,-0.0373
2025-06-08,cbETH,Coinbase,ETH,1.005929,5.7,2.23,7.31,12192663247,192118,20,6,59,0,Optimism,0.0502
2025-06-09,wstETH,Lido,ETH,1.008547,2.54,0.33,3.0,84630413,226403,16,13,72,2,Base,-0.4467
2025-06-10,rETH,Rocket Pool,ETH,1.007586,3.8,1.43,4.31,24983591387,246691,22,7,28,2,Ethereum,0.1269
2025-06-11,sfrxETH,Frax,ETH,1.009538,5.0,0.73,6.9,5620526724,403293,6,3,27,0,Arbitrum,-0.4835
2025-06-12,osETH,StakeWise,ETH,1.012109,4.25,1.29,5.52,13740767114,305133,6,9,12,3,Optimism,-0.1204
2025-06-13,ETHx,Stader,ETH,1.014239,5.12,1.32,7.07,23375680410,167207,28,5,34,0,Base,0.1103
2025-06-14,ankrETH,Ankr,ETH,1.012459,5.98,1.81,7.17,18142227140,28187,13,14,5,2,Ethereum,0.351
2025-06-15,cbETH,Coinbase,ETH,1.015429,4.63,0.95,5.75,6240965949,464299,6,5,51,3,Arbitrum,0.3227
2025-06-16,wstETH,Lido,ETH,1.012663,4.94,1.01,5.44,15010051246,454533,15,1,46,2,Optimism,-0.1132
2025-06-17,rETH,Rocket Pool,ETH,1.018517,5.37,1.95,6.71,3971255298,261020,25,8,72,1,Base,-0.294
2025-06-18,sfrxETH,Frax,ETH,1.014061,3.84,0.51,4.77,2683962995,285848,29,4,43,3,Ethereum,-0.2894
2025-06-19,osETH,StakeWise,ETH,1.015102,5.27,1.05,7.15,8059115482,264911,15,3,37,0,Arbitrum,-0.2693
2025-06-20,ETHx,Stader,ETH,1.016398,4.99,1.72,6.7,3205119213,113835,26,1,62,0,Optimism,-0.4348
2025-06-21,ankrETH,Ankr,ETH,1.018699,3.92,1.43,4.87,6229829392,120049,30,2,36,2,Base,-0.0027
2025-06-22,cbETH,Coinbase,ETH,1.022398,3.41,0.99,3.77,17580524210,271664,29,9,49,3,Ethereum,-0.3538
2025-06-23,wstETH,Lido,ETH,1.024463,2.52,0.83,3.18,17893790679,167714,13,13,28,3,Arbitrum,0.1789
2025-06-24,rETH,Rocket Pool,ETH,1.02151,5.73,0.96,7.44,17770513941,244776,3,6,64,1,Optimism,0.0035
2025-06-25,sfrxETH,Frax,ETH,1.024592,5.86,1.25,7.48,15276139146,42137,5,5,50,1,Base,-0.4005
2025-06-26,osETH,StakeWise,ETH,1.023894,3.5,0.8,4.62,20530417518,108614,30,12,6,2,Ethereum,-0.2392
2025-06-27,ETHx,Stader,ETH,1.027553,4.86,0.99,5.9,11397206681,278399,4,6,16,0,Arbitrum,-0.2997
2025-06-28,ankrETH,Ankr,ETH,1.023335,2.89,0.59,3.78,14353237983,179654,1,7,4,1,Optimism,-0.2665
2025-06-29,cbETH,Coinbase,ETH,1.029705,3.72,1.31,5.21,18969558795,63455,29,10,22,2,Base,-0.2797
2025-06-30,wstETH,Lido,ETH,1.03239,3.38,1.29,4.69,14616225782,47515,23,11,38,0,Ethereum,0.401
2025-07-01,rETH,Rocket Pool,ETH,1.031547,4.64,1.69,6.04,15961367177,97315,29,8,11,2,Arbitrum,0.3977
2025-07-02,sfrxETH,Frax,ETH,1.02509,3.26,0.74,3.75,492436595,22444,9,8,17,0,Optimism,-0.4149
2025-07-03,osETH,StakeWise,ETH,1.027925,5.25,1.81,5.96,2714097670,375550,17,12,18,1,Base,0.2092
2025-07-04,ETHx,Stader,ETH,1.036289,4.58,1.69,6.0,9641409209,231739,28,0,50,3,Ethereum,0.1789
2025-07-05,ankrETH,Ankr,ETH,1.040641,2.9,0.64,3.86,17249378563,325570,21,3,27,1,Arbitrum,0.0676
2025-07-06,cbETH,Coinbase,ETH,1.040925,4.98,0.73,5.73,726787247,178402,0,9,20,1,Optimism,0.1949
2025-07-07,wstETH,Lido,ETH,1.037329,3.05,0.32,4.02,5745972286,407684,0,5,12,3,Base,0.3154
2025-07-08,rETH,Rocket Pool,ETH,1.038761,5.09,1.94,7.11,10564904176,287997,13,2,61,1,Ethereum,-0.0222
2025-07-09,sfrxETH,Frax,ETH,1.039003,3.73,0.42,4.33,9417886768,26425,1,11,66,0,Arbitrum,-0.3337
2025-07-10,osETH,StakeWise,ETH,1.038158,3.01,1.19,3.94,21626762408,221962,18,14,49,2,Optimism,-0.0037
2025-07-11,ETHx,Stader,ETH,1.042032,4.54,0.91,5.22,1018046207,372143,29,2,48,1,Base,-0.4942
2025-07-12,ankrETH,Ankr,ETH,1.045093,4.35,0.53,4.89,10365941526,82875,8,11,34,1,Ethereum,-0.4933
2025-07-13,cbETH,Coinbase,ETH,1.040161,5.49,1.87,7.11,24636013986,73615,14,10,41,1,Arbitrum,-0.1993
2025-07-14,wstETH,Lido,ETH,1.04352,4.22,1.49,5.07,8172453344,81598,7,0,69,3,Optimism,-0.2813
2025-07-15,rETH,Rocket Pool,ETH,1.039821,4.06,0.93,5.24,15613460178,485597,15,11,24,0,Base,0.1753
2025-07-16,sfrxETH,Frax,ETH,1.045612,3.76,0.78,4.26,16340996092,148105,25,2,50,2,Ethereum,-0.2166
2025-07-17,osETH,StakeWise,ETH,1.037184,5.69,2.02,7.33,2020604570,193213,4,8,48,1,Arbitrum,0.0814
2025-07-18,ETHx,Stader,ETH,1.04546,3.09,0.61,3.55,22698633921,460909,9,0,3,1,Optimism,0.1609
2025-07-19,ankrETH,Ankr,ETH,1.050554,3.99,0.92,5.45,23169832377,407073,8,6,26,1,Base,-0.3455
2025-07-20,cbETH,Coinbase,ETH,1.052169,3.89,0.67,4.72,22990773842,129066,20,1,23,3,Ethereum,0.3928
2025-07-21,wstETH,Lido,ETH,1.05057,3.07,0.82,4.04,9126151903,271060,29,13,6,2,Arbitrum,-0.2915
2025-07-22,rETH,Rocket Pool,ETH,1.05175,4.74,1.58,5.86,20918216350,124228,4,14,53,2,Optimism,0.4804
2025-07-23,sfrxETH,Frax,ETH,1.050444,5.04,1.7,6.75,8633519870,135601,10,2,29,3,Base,-0.495
2025-07-24,osETH,StakeWise,ETH,1.056167,4.55,1.26,5.3,20135413340,287060,4,1,29,3,Ethereum,0.027
2025-07-25,ETHx,Stader,ETH,1.047954,4.85,0.75,5.68,5899064523,146740,24,3,53,3,Arbitrum,0.0461
2025-07-26,ankrETH,Ankr,ETH,1.064032,3.66,1.18,4.11,24857758459,291216,30,0,72,3,Optimism,-0.4683
2025-07-27,cbETH,Coinbase,ETH,1.056749,3.16,0.34,3.82,8723246002,326079,20,12,3,2,Base,-0.1082
2025-07-28,wstETH,Lido,ETH,1.047828,5.69,1.73,7.34,4127275897,124340,9,5,30,3,Ethereum,0.4067
2025-07-29,rETH,Rocket Pool,ETH,1.04747,4.69,0.63,5.65,3482081784,56220,6,0,24,0,Arbitrum,0.385
2025-07-30,sfrxETH,Frax,ETH,1.067528,4.54,1.07,6.22,16236656030,386600,1,8,24,3,Optimism,0.3041
2025-07-31,osETH,StakeWise,ETH,1.068692,5.79,2.28,7.3,10899450660,299032,24,9,7,0,Base,-0.1557
2025-08-01,ETHx,Stader,ETH,1.056915,5.0,0.66,6.82,15336327298,296369,9,7,3,3,Ethereum,0.4222
2025-08-02,ankrETH,Ankr,ETH,1.070815,5.23,1.76,5.92,2891573836,214015,0,3,50,0,Arbitrum,-0.0269
2025-08-03,cbETH,Coinbase,ETH,1.054121,4.06,1.48,4.75,7703113098,197471,17,8,1,3,Optimism,-0.0453
2025-08-04,wstETH,Lido,ETH,1.068893,4.4,0.79,5.44,8794642041,175484,21,8,58,0,Base,-0.2167
2025-08-05,rETH,Rocket Pool,ETH,1.069933,4.33,0.45,4.97,23779364881,12840,21,11,31,2,Ethereum,0.4323
2025-08-06,sfrxETH,Frax,ETH,1.076778,3.28,0.8,4.41,13898016221,341516,16,2,53,1,Arbitrum,0.3072
2025-08-07,osETH,StakeWise,ETH,1.064823,3.66,1.38,4.88,11362097158,51264,21,5,23,2,Optimism,0.4027
2025-08-08,ETHx,Stader,ETH,1.067578,3.73,0.61,4.85,1791372275,227359,30,7,4,1,Base,0.1388
2025-08-09,ankrETH,Ankr,ETH,1.060133,3.82,0.56,4.87,22564815821,383896,21,11,45,1,Ethereum,0.1265
2025-08-10,cbETH,Coinbase,ETH,1.059841,5.65,1.63,7.81,11341519902,64480,7,1,20,3,Arbitrum,0.1667
2025-08-11,wstETH,Lido,ETH,1.060331,4.59,1.16,6.26,10440673857,95078,29,11,36,0,Optimism,0.3812
2025-08-12,rETH,Rocket Pool,ETH,1.08268,3.31,0.34,4.63,9778498174,20803,9,13,62,2,Base,0.0937
2025-08-13,sfrxETH,Frax,ETH,1.061,3.87,0.68,4.39,8549189839,438579,4,1,46,3,Ethereum,0.1207
2025-08-14,osETH,StakeWise,ETH,1.069959,3.85,0.88,4.79,6385950502,249391,23,8,39,1,Arbitrum,0.3979
2025-08-15,ETHx,Stader,ETH,1.064554,3.19,0.68,3.62,23444040763,442072,18,0,2,2,Optimism,-0.4588
2025-08-16,ankrETH,Ankr,ETH,1.082203,5.02,0.79,5.71,4469024931,326638,20,1,57,0,Base,0.2724
2025-08-17,cbETH,Coinbase,ETH,1.067703,4.38,1.58,6.11,24542992718,164166,5,5,68,0,Ethereum,-0.4919
2025-08-18,wstETH,Lido,ETH,1.078841,3.63,1.2,4.92,8397756426,93095,22,1,72,0,Arbitrum,-0.2348
2025-08-19,rETH,Rocket Pool,ETH,1.078929,5.91,1.8,7.28,5870742907,194792,0,11,60,1,Optimism,0.0942
2025-08-20,sfrxETH,Frax,ETH,1.081159,4.39,0.82,5.76,10673404240,349654,15,0,47,0,Base,0.0262
2025-08-21,osETH,StakeWise,ETH,1.086753,3.06,1.14,4.21,22633511578,375302,16,2,23,0,Ethereum,0.3397
2025-08-22,ETHx,Stader,ETH,1.065989,4.77,0.56,6.52,24017418034,158128,12,6,34,3,Arbitrum,0.3033
2025-08-23,ankrETH,Ankr,ETH,1.091457,3.98,1.59,5.49,10742574777,387167,30,0,11,3,Optimism,-0.395
2025-08-24,cbETH,Coinbase,ETH,1.081713,5.42,2.06,6.99,19679752085,228416,16,11,48,1,Base,-0.3244
2025-08-25,wstETH,Lido,ETH,1.099402,4.13,0.63,5.33,8140077023,112411,17,8,69,0,Ethereum,-0.1143
2025-08-26,rETH,Rocket Pool,ETH,1.079682,5.67,1.38,7.78,9624789870,448730,25,10,71,3,Arbitrum,-0.2385
2025-08-27,sfrxETH,Frax,ETH,1.089885,5.94,0.75,6.9,4579690212,416844,4,5,11,2,Optimism,-0.3697
2025-08-28,osETH,StakeWise,ETH,1.081871,3.36,0.96,4.1,5936827374,261807,6,7,7,1,Base,-0.2968
2025-08-29,ETHx,Stader,ETH,1.084966,3.58,0.76,4.21,23981550740,391132,22,3,15,3,Ethereum,-0.1496
2025-08-30,ankrETH,Ankr,ETH,1.077449,4.61,1.31,5.45,23525043789,333571,4,9,46,0,Arbitrum,-0.1777
2025-08-31,cbETH,Coinbase,ETH,1.097899,5.47,0.66,6.07,9049144354,97178,24,4,41,1,Optimism,-0.0367
2025-09-01,wstETH,Lido,ETH,1.108221,4.36,0.95,5.33,5045369251,361199,25,7,60,3,Base,0.4557
2025-09-02,rETH,Rocket Pool,ETH,1.089426,3.28,0.75,4.34,4633568569,411914,11,6,9,3,Ethereum,-0.3394
2025-09-03,sfrxETH,Frax,ETH,1.106841,4.69,1.86,5.68,21096253123,31200,5,10,61,0,Arbitrum,-0.4236
2025-09-04,osETH,StakeWise,ETH,1.102371,2.96,0.42,3.63,22810242158,73886,7,8,12,0,Optimism,-0.2882
2025-09-05,ETHx,Stader,ETH,1.101933,3.69,0.69,4.21,13211939748,391922,11,8,40,2,Base,-0.0536
2025-09-06,ankrETH,Ankr,ETH,1.113043,4.58,0.83,5.09,9637428577,102320,7,14,3,2,Ethereum,0.065
2025-09-07,cbETH,Coinbase,ETH,1.086026,4.89,1.08,6.23,212974170,75678,16,1,31,1,Arbitrum,-0.4431
2025-09-08,wstETH,Lido,ETH,1.101369,4.22,0.5,5.43,7913707032,393526,28,11,1,0,Optimism,0.0965
2025-09-09,rETH,Rocket Pool,ETH,1.0,3.3,0.68,4.0,20751734274,196523,22,8,7,1,Base,0.3856
2025-09-10,sfrxETH,Frax,ETH,1.001012,5.31,1.73,6.58,14087850905,140539,21,4,5,0,Ethereum,0.0763
2025-09-11,osETH,StakeWise,ETH,1.00176,5.3,1.16,6.64,13021476351,194861,12,14,28,1,Arbitrum,0.0356
2025-09-12,ETHx,Stader,ETH,1.002688,5.06,0.94,6.56,5872132064,301851,20,10,71,0,Optimism,-0.1958
2025-09-13,ankrETH,Ankr,ETH,1.00386,5.58,1.97,6.52,12488035107,24916,13,1,34,0,Base,-0.3366
2025-09-14,cbETH,Coinbase,ETH,1.004423,5.57,0.78,6.4,18966068276,264351,24,13,57,1,Ethereum,-0.3851
2025-09-15,wstETH,Lido,ETH,1.005543,5.65,1.04,6.7,9301175435,354137,19,3,28,2,Arbitrum,-0.2369
2025-09-16,rETH,Rocket Pool,ETH,1.00735,2.78,0.78,3.27,14268764244,340335,28,9,32,0,Optimism,0.439
2025-09-17,sfrxETH,Frax,ETH,1.008027,4.14,0.68,5.43,7626797009,75454,30,11,38,0,Base,0.4952
2025-09-18,osETH,StakeWise,ETH,1.010212,3.57,0.63,4.03,8793866156,234346,0,5,4,3,Ethereum,-0.3807
2025-09-19,ETHx,Stader,ETH,1.01059,5.77,1.18,6.78,7037472699,269307,16,4,1,2,Arbitrum,-0.0968
2025-09-20,ankrETH,Ankr,ETH,1.011679,5.77,0.77,6.46,10183290309,436699,20,13,25,0,Optimism,0.4944
2025-09-21,cbETH,Coinbase,ETH,1.010817,4.88,0.61,6.64,15111276805,440500,0,3,25,1,Base,-0.4088
2025-09-22,wstETH,Lido,ETH,1.01461,5.9,1.51,8.22,13727729846,267083,3,13,54,1,Ethereum,0.2056
2025-09-23,rETH,Rocket Pool,ETH,1.01634,4.21,0.89,5.61,19772235410,352349,11,9,62,3,Arbitrum,-0.3199
2025-09-24,sfrxETH,Frax,ETH,1.014873,2.53,0.69,3.3,23985497907,222289,24,6,63,0,Optimism,0.4179
2025-09-25,osETH,StakeWise,ETH,1.017829,4.82,1.38,5.61,7433538961,340111,15,0,65,2,Base,-0.0817
2025-09-26,ETHx,Stader,ETH,1.019692,5.04,1.54,6.04,16197401430,230210,29,10,68,0,Ethereum,0.4167
2025-09-27,ankrETH,Ankr,ETH,1.017021,2.99,0.42,3.99,18799576704,347375,25,5,52,3,Arbitrum,-0.0748
2025-09-28,cbETH,Coinbase,ETH,1.017183,3.59,0.83,4.67,17734055164,267480,26,1,26,2,Optimism,-0.0385
2025-09-29,wstETH,Lido,ETH,1.016647,4.83,0.79,5.44,9134257927,318929,22,12,67,2,Base,0.4503
2025-09-30,rETH,Rocket Pool,ETH,1.024803,3.3,1.27,3.69,21484486394,102364,2,14,52,1,Ethereum,0.2694
2025-10-01,sfrxETH,Frax,ETH,1.019175,3.77,0.84,5.2,4353670435,398644,4,2,22,1,Arbitrum,-0.0087
2025-10-02,osETH,StakeWise,ETH,1.024862,5.38,1.46,7.07,9390918573,346678,2,2,56,2,Optimism,0.3309
2025-10-03,ETHx,Stader,ETH,1.027609,5.24,1.51,6.5,590142199,433758,4,9,72,1,Base,0.4777
2025-10-04,ankrETH,Ankr,ETH,1.023584,4.62,0.75,5.53,7612249557,393880,5,10,45,0,Ethereum,-0.3951
2025-10-05,cbETH,Coinbase,ETH,1.028626,4.13,1.17,4.92,13463234307,180097,9,9,29,1,Arbitrum,0.303
2025-10-06,wstETH,Lido,ETH,1.025912,5.33,1.96,6.01,9689281821,303616,3,10,54,0,Optimism,-0.0284
2025-10-07,rETH,Rocket Pool,ETH,1.029508,5.0,0.95,6.71,20302313637,255657,0,13,33,2,Base,0.048
2025-10-08,sfrxETH,Frax,ETH,1.028144,4.02,1.4,4.94,19331121644,497901,1,7,8,1,Ethereum,0.4857
2025-10-09,osETH,StakeWise,ETH,1.030369,2.89,0.33,3.53,15723819115,409338,2,1,33,3,Arbitrum,0.1993
2025-10-10,ETHx,Stader,ETH,1.033941,3.61,0.85,4.19,24824685296,327902,30,8,65,3,Optimism,-0.3453
2025-10-11,ankrETH,Ankr,ETH,1.038223,4.98,1.2,6.45,2500577946,137730,8,9,67,0,Base,0.0794
2025-10-12,cbETH,Coinbase,ETH,1.035002,3.24,1.19,4.41,22475434521,153696,13,2,46,1,Ethereum,0.0252
2025-10-13,wstETH,Lido,ETH,1.040761,4.3,1.32,5.96,24628101317,376360,2,3,1,1,Arbitrum,0.4801
2025-10-14,rETH,Rocket Pool,ETH,1.03325,5.66,1.31,6.83,4916436502,40214,28,1,71,3,Optimism,0.0125
2025-10-15,sfrxETH,Frax,ETH,1.030816,4.06,0.98,4.86,17857673622,445669,5,11,61,3,Base,0.4161
2025-10-16,osETH,StakeWise,ETH,1.036168,3.04,1.03,3.71,20159245491,358540,21,6,11,0,Ethereum,-0.1613
2025-10-17,ETHx,Stader,ETH,1.044124,3.83,0.77,4.84,18938141251,96726,0,9,51,3,Arbitrum,0.2634
2025-10-18,ankrETH,Ankr,ETH,1.03567,4.31,1.43,5.58,7852450261,398517,27,9,36,3,Optimism,0.1873
2025-10-19,cbETH,Coinbase,ETH,1.040123,3.85,0.89,4.56,19167064870,198944,25,11,38,1,Base,-0.3157
2025-10-20,wstETH,Lido,ETH,1.047592,5.41,1.65,7.44,9686998095,110833,0,4,26,3,Ethereum,-0.1797
2025-10-21,rETH,Rocket Pool,ETH,1.047198,5.98,0.76,8.06,20701907200,189586,8,13,25,1,Arbitrum,0.1564
2025-10-22,sfrxETH,Frax,ETH,1.043636,3.95,1.4,4.91,20430334518,433570,11,9,23,1,Optimism,0.3353
2025-10-23,osETH,StakeWise,ETH,1.046745,5.45,2.04,6.26,20635878926,448896,7,1,48,2,Base,-0.2526
2025-10-24,ETHx,Stader,ETH,1.037172,2.66,1.04,3.09,3898406779,422538,8,13,47,2,Ethereum,-0.1898
2025-10-25,ankrETH,Ankr,ETH,1.039695,4.7,1.0,6.06,16221914633,153997,8,5,59,3,Arbitrum,0.0853
2025-10-26,cbETH,Coinbase,ETH,1.041272,3.31,1.2,4.1,15256992522,261419,24,3,28,2,Optimism,0.3665
2025-10-27,wstETH,Lido,ETH,1.040445,3.53,0.98,4.18,18342805324,128619,23,3,56,2,Base,0.3975
2025-10-28,rETH,Rocket Pool,ETH,1.054372,2.65,0.97,2.93,236591380,58642,22,12,23,2,Ethereum,-0.4754
2025-10-29,sfrxETH,Frax,ETH,1.058405,4.54,1.05,5.68,21869973431,266601,19,8,30,2,Arbitrum,0.4625
2025-10-30,osETH,StakeWise,ETH,1.052932,4.75,1.78,5.81,16505950033,195724,5,2,53,1,Optimism,-0.2518
2025-10-31,ETHx,Stader,ETH,1.048027,4.38,0.78,5.92,9954589042,304428,29,1,14,2,Base,-0.4679
2025-11-01,ankrETH,Ankr,ETH,1.051427,4.64,1.64,6.03,10766644133,48281,4,3,66,1,Ethereum,0.1531
2025-11-02,cbETH,Coinbase,ETH,1.063506,5.36,1.91,7.3,18253923121,215780,13,7,72,1,Arbitrum,-0.0698
2025-11-03,wstETH,Lido,ETH,1.058145,4.38,0.55,4.84,22496223117,272735,8,8,58,1,Optimism,0.4796
2025-11-04,rETH,Rocket Pool,ETH,1.065392,3.87,0.66,4.81,15369190623,473151,23,11,15,3,Base,0.4031
2025-11-05,sfrxETH,Frax,ETH,1.056518,4.6,1.35,5.68,19606682708,201506,4,13,61,3,Ethereum,0.0126
2025-11-06,osETH,StakeWise,ETH,1.065721,3.4,0.99,4.54,24414751751,241766,22,7,63,1,Arbitrum,-0.3449
2025-11-07,ETHx,Stader,ETH,1.058102,5.82,1.54,6.93,5846629952,204447,17,8,9,0,Optimism,-0.0026
2025-11-08,ankrETH,Ankr,ETH,1.06974,4.17,1.06,4.89,8829352676,404142,25,12,28,3,Base,0.1251
2025-11-09,cbETH,Coinbase,ETH,1.052448,5.96,1.54,6.95,10983457418,48833,29,13,51,1,Ethereum,0.1367
2025-11-10,wstETH,Lido,ETH,1.072461,2.75,1.0,3.04,15511187387,122100,0,3,6,2,Arbitrum,-0.238
2025-11-11,rETH,Rocket Pool,ETH,1.058758,3.38,1.16,4.47,8383879217,343223,16,13,26,0,Optimism,-0.419
2025-11-12,sfrxETH,Frax,ETH,1.059535,5.19,1.54,7.1,17687323220,272584,16,6,32,0,Base,-0.3876
2025-11-13,osETH,StakeWise,ETH,1.074459,3.51,0.42,4.37,109273369,142696,14,3,14,3,Ethereum,-0.1425
2025-11-14,ETHx,Stader,ETH,1.072233,3.7,0.67,5.04,6746356746,219175,3,5,14,1,Arbitrum,-0.4102
2025-11-15,ankrETH,Ankr,ETH,1.058065,5.29,1.26,6.85,1837985157,166587,11,4,36,1,Optimism,0.4525
2025-11-16,cbETH,Coinbase,ETH,1.055875,2.87,0.41,3.28,15986641810,470682,28,10,11,1,Base,0.1941
2025-11-17,wstETH,Lido,ETH,1.066688,3.42,0.85,3.85,15672660910,346816,6,1,24,1,Ethereum,0.2518
2025-11-18,rETH,Rocket Pool,ETH,1.064843,3.15,0.88,4.06,21457103873,311096,24,3,32,0,Arbitrum,0.0927
2025-11-19,sfrxETH,Frax,ETH,1.063772,3.92,1.56,4.88,12369409103,376689,22,1,71,0,Optimism,-0.2325
2025-11-20,osETH,StakeWise,ETH,1.062191,4.87,1.15,6.58,2560961432,474907,17,10,15,3,Base,-0.3422
2025-11-21,ETHx,Stader,ETH,1.081325,4.52,1.78,5.37,9181283558,57437,18,12,3,0,Ethereum,-0.3743
2025-11-22,ankrETH,Ankr,ETH,1.059584,5.04,0.86,5.81,8361906225,389451,21,11,67,2,Arbitrum,-0.4195
2025-11-23,cbETH,Coinbase,ETH,1.074981,4.02,1.48,4.49,18134300524,30649,27,2,56,2,Optimism,-0.0282
2025-11-24,wstETH,Lido,ETH,1.07064,4.21,0.55,4.7,15460856513,44217,27,3,69,1,Base,0.4301
2025-11-25,rETH,Rocket Pool,ETH,1.072222,5.98,0.77,7.9,14285018929,235869,20,10,41,2,Ethereum,-0.283
2025-11-26,sfrxETH,Frax,ETH,1.065191,5.73,1.13,7.63,3310960585,130985,22,0,59,3,Arbitrum,0.1473
2025-11-27,osETH,StakeWise,ETH,1.083176,2.69,0.86,2.99,10355349749,181457,11,5,52,2,Optimism,0.1705
2025-11-28,ETHx,Stader,ETH,1.094932,3.83,1.34,4.38,5410508611,35111,19,10,58,0,Base,-0.228
2025-11-29,ankrETH,Ankr,ETH,1.088374,4.24,0.44,5.57,19163973329,55714,19,14,66,0,Ethereum,0.1888
2025-11-30,cbETH,Coinbase,ETH,1.091928,5.42,0.63,6.6,18796386364,465582,15,8,58,0,Arbitrum,0.1506
2025-12-01,wstETH,Lido,ETH,1.081428,3.73,1.25,4.52,11464440056,164965,18,9,13,2,Optimism,-0.4089
2025-12-02,rETH,Rocket Pool,ETH,1.075593,5.61,1.28,6.34,753034433,26568,26,2,3,2,Base,-0.0884
2025-12-03,sfrxETH,Frax,ETH,1.088263,5.44,1.12,7.48,1180108375,357398,3,8,48,1,Ethereum,-0.4185
2025-12-04,osETH,StakeWise,ETH,1.078652,3.32,1.22,4.57,4626282504,315547,4,12,48,2,Arbitrum,0.104
2025-12-05,ETHx,Stader,ETH,1.074269,5.07,1.76,6.49,15109216289,492776,6,4,8,0,Optimism,0.4538
2025-12-06,ankrETH,Ankr,ETH,1.075786,3.87,1.12,5.06,6619582867,60844,24,9,25,3,Base,0.3356
2025-12-07,cbETH,Coinbase,ETH,1.103843,4.94,1.91,6.82,8229569440,435940,14,7,16,1,Ethereum,0.0156
2025-12-08,wstETH,Lido,ETH,1.082001,5.66,1.1,7.0,20039411983,298809,17,7,40,3,Arbitrum,-0.2428
2025-12-09,rETH,Rocket Pool,ETH,1.10873,2.91,1.13,3.78,252852849,443403,21,2,1,1,Optimism,-0.4551
2025-12-10,sfrxETH,Frax,ETH,1.084235,5.82,0.84,7.39,7420398194,318823,8,5,67,3,Base,-0.1509
2025-12-11,osETH,StakeWise,ETH,1.108295,3.16,0.75,3.88,14800635744,36083,14,2,51,3,Ethereum,-0.371
2025-12-12,ETHx,Stader,ETH,1.102718,3.06,0.9,4.15,4258747806,155466,4,0,25,2,Arbitrum,-0.4512
2025-12-13,ankrETH,Ankr,ETH,1.105051,2.73,0.99,3.37,10170451641,329721,25,7,43,1,Optimism,-0.3591
2025-12-14,cbETH,Coinbase,ETH,1.106039,4.1,0.58,5.41,17456360289,181185,0,3,30,3,Base,0.1202
2025-12-15,wstETH,Lido,ETH,1.098786,4.95,0.64,6.93,23864319158,15369,0,0,31,3,Ethereum,0.3788
2025-12-16,rETH,Rocket Pool,ETH,1.07901,4.02,1.53,4.92,15046573108,383950,6,0,27,3,Arbitrum,0.0378
2025-12-17,sfrxETH,Frax,ETH,1.096739,5.86,2.12,6.74,562653055,103271,25,8,39,1,Optimism,-0.0147
2025-12-18,osETH,StakeWise,ETH,1.0,4.17,1.53,5.51,24801126460,145451,25,1,9,1,Base,-0.2318
2025-12-19,ETHx,Stader,ETH,1.00114,5.38,1.05,6.48,10593302810,293018,15,10,62,1,Ethereum,-0.2019
2025-12-20,ankrETH,Ankr,ETH,1.002145,5.56,1.07,7.0,1958565956,208157,9,7,25,1,Arbitrum,0.0699
2025-12-21,cbETH,Coinbase,ETH,1.003439,4.82,1.31,5.91,9903722044,13056,26,12,37,2,Optimism,0.2929
2025-12-22,wstETH,Lido,ETH,1.004051,4.69,0.93,6.07,10940802416,64872,19,13,59,0,Base,0.4868
2025-12-23,rETH,Rocket Pool,ETH,1.005968,2.9,0.9,3.79,13755398346,438483,14,9,36,3,Ethereum,-0.0188
2025-12-24,sfrxETH,Frax,ETH,1.00689,3.84,1.35,4.38,832543464,388619,15,14,46,3,Arbitrum,-0.0155
2025-12-25,osETH,StakeWise,ETH,1.005858,4.38,1.49,5.93,6382963999,119070,27,4,56,0,Optimism,0.3212
2025-12-26,ETHx,Stader,ETH,1.008367,5.2,1.18,5.97,1852322839,201069,1,1,36,1,Base,0.0594
2025-12-27,ankrETH,Ankr,ETH,1.009202,5.08,1.52,5.94,608448690,320444,16,8,47,2,Ethereum,-0.362
2025-12-28,cbETH,Coinbase,ETH,1.011867,5.32,1.51,7.16,1892193570,425317,17,10,16,1,Arbitrum,-0.1633
2025-12-29,wstETH,Lido,ETH,1.011743,5.83,1.13,7.48,23356718055,47151,29,5,19,3,Optimism,-0.4657
2025-12-30,rETH,Rocket Pool,ETH,1.012745,4.49,1.22,5.69,15308030671,476811,1,5,15,3,Base,-0.4145
2025-12-31,sfrxETH,Frax,ETH,1.01459,2.96,0.36,3.62,23507514623,119504,25,11,5,0,Ethereum,0.4817
2026-01-01,osETH,StakeWise,ETH,1.014701,5.62,1.65,6.81,22610063076,475731,9,7,38,2,Arbitrum,-0.4652
2026-01-02,ETHx,Stader,ETH,1.01326,4.04,1.36,4.54,14469609014,108268,19,12,38,2,Optimism,-0.4312
2026-01-03,ankrETH,Ankr,ETH,1.013892,4.43,1.43,5.91,15110938223,395776,18,13,4,3,Base,-0.4129
2026-01-04,cbETH,Coinbase,ETH,1.014868,3.1,0.95,4.03,24580074530,85455,30,11,22,0,Ethereum,-0.3154
2026-01-05,wstETH,Lido,ETH,1.020725,3.29,0.98,4.59,4201453169,97236,7,9,18,0,Arbitrum,-0.1435
2026-01-06,rETH,Rocket Pool,ETH,1.01617,3.5,1.1,4.59,12353250227,493095,3,7,29,3,Optimism,-0.0855
2026-01-07,sfrxETH,Frax,ETH,1.017874,3.01,0.52,3.72,7482971968,361680,26,9,42,0,Base,0.3541
2026-01-08,osETH,StakeWise,ETH,1.018441,5.91,1.05,8.05,21029863181,239414,9,11,40,3,Ethereum,-0.2527
2026-01-09,ETHx,Stader,ETH,1.019631,5.52,1.78,7.49,3013437031,364699,11,9,32,0,Arbitrum,-0.009
2026-01-10,ankrETH,Ankr,ETH,1.025284,3.99,0.79,4.59,22358582780,109658,29,12,26,0,Optimism,-0.0719
2026-01-11,cbETH,Coinbase,ETH,1.024395,4.66,0.86,5.68,20454873004,196419,0,1,12,2,Base,0.3623
2026-01-12,wstETH,Lido,ETH,1.021839,5.19,0.81,6.89,17008610844,317927,9,13,57,2,Ethereum,-0.0133
2026-01-13,rETH,Rocket Pool,ETH,1.028881,2.69,0.72,3.32,8835590150,248707,18,11,3,3,Arbitrum,0.3661
2026-01-14,sfrxETH,Frax,ETH,1.025068,3.71,0.4,4.11,23392529277,339402,22,9,58,3,Optimism,-0.1815
2026-01-15,osETH,StakeWise,ETH,1.0239,2.69,0.27,3.09,16011330781,378605,28,10,58,0,Base,-0.2543
2026-01-16,ETHx,Stader,ETH,1.029519,4.1,1.2,4.51,6538618770,174163,10,14,12,2,Ethereum,-0.2582
2026-01-17,ankrETH,Ankr,ETH,1.034596,2.64,0.66,3.54,10220914099,422637,25,13,1,0,Arbitrum,-0.3177
2026-01-18,cbETH,Coinbase,ETH,1.025813,5.47,1.99,6.07,23590449667,303868,28,7,26,3,Optimism,0.4268
2026-01-19,wstETH,Lido,ETH,1.036,5.38,0.55,7.12,20371080463,342435,30,13,25,1,Base,0.2252
2026-01-20,rETH,Rocket Pool,ETH,1.026812,3.88,1.08,4.41,21100267017,311908,29,12,3,3,Ethereum,-0.1487
2026-01-21,sfrxETH,Frax,ETH,1.030993,4.5,1.74,5.89,20983280488,458254,21,13,40,1,Arbitrum,0.1144
2026-01-22,osETH,StakeWise,ETH,1.033947,4.08,1.14,5.27,9976319126,402242,29,13,57,1,Optimism,-0.2404
2026-01-23,ETHx,Stader,ETH,1.032771,5.05,1.16,6.11,2108911599,410264,7,8,6,2,Base,0.3806
2026-01-24,ankrETH,Ankr,ETH,1.032266,5.7,1.6,6.77,1417195646,322501,1,14,36,3,Ethereum,-0.4755
2026-01-25,cbETH,Coinbase,ETH,1.037238,3.41,0.99,3.84,17955649652,350882,9,10,9,3,Arbitrum,-0.0018
2026-01-26,wstETH,Lido,ETH,1.03514,3.12,0.88,4.12,24044607070,229007,15,5,41,2,Optimism,-0.2037
2026-01-27,rETH,Rocket Pool,ETH,1.034128,2.63,0.82,3.02,2452384843,388103,30,11,11,2,Base,0.2906
2026-01-28,sfrxETH,Frax,ETH,1.044885,5.55,1.57,7.21,21089314201,355537,4,4,68,0,Ethereum,0.2722
2026-01-29,osETH,StakeWise,ETH,1.043085,4.17,0.71,5.51,16517263230,410681,29,2,37,1,Arbitrum,-0.4573
2026-01-30,ETHx,Stader,ETH,1.03468,5.01,1.17,6.35,14016393189,195987,29,3,31,1,Optimism,0.3731
2026-01-31,ankrETH,Ankr,ETH,1.049566,3.22,0.41,4.43,11881408783,402182,0,10,68,2,Base,0.4935
2026-02-01,cbETH,Coinbase,ETH,1.052471,5.67,2.02,7.76,4870409514,494003,3,2,30,0,Ethereum,0.0589
2026-02-02,wstETH,Lido,ETH,1.042899,5.2,1.31,7.15,7770039943,272304,4,5,42,1,Arbitrum,-0.4879
2026-02-03,rETH,Rocket Pool,ETH,1.046798,4.99,0.69,6.45,10554220931,162665,28,7,14,3,Optimism,0.0029
2026-02-04,sfrxETH,Frax,ETH,1.048985,4.35,1.07,5.13,5664155644,343569,9,0,34,0,Base,0.1454
2026-02-05,osETH,StakeWise,ETH,1.041439,3.34,1.17,3.99,652278646,388691,16,2,69,0,Ethereum,-0.0712
2026-02-06,ETHx,Stader,ETH,1.042876,5.47,2.13,6.82,18602255357,361083,9,3,63,0,Arbitrum,-0.0934
2026-02-07,ankrETH,Ankr,ETH,1.045533,3.44,1.15,4.45,16919206097,261454,6,2,57,2,Optimism,0.4305
2026-02-08,cbETH,Coinbase,ETH,1.049233,4.01,0.88,5.36,23680910362,459737,21,7,23,3,Base,0.0902
2026-02-09,wstETH,Lido,ETH,1.058521,4.44,0.89,6.1,9881131976,274150,19,11,36,0,Ethereum,-0.0215
2026-02-10,rETH,Rocket Pool,ETH,1.050781,5.77,1.07,6.66,12674699299,478909,0,13,52,1,Arbitrum,-0.0483
2026-02-11,sfrxETH,Frax,ETH,1.061835,4.89,1.05,5.4,6495761662,460950,4,6,39,1,Optimism,-0.0873
2026-02-12,osETH,StakeWise,ETH,1.053648,3.41,0.94,4.74,953667424,278062,29,7,55,2,Base,0.0732
2026-02-13,ETHx,Stader,ETH,1.059942,5.26,1.14,7.02,15452713490,485859,5,10,38,2,Ethereum,0.0203
2026-02-14,ankrETH,Ankr,ETH,1.06007,5.81,0.67,6.5,16344042683,2474,19,5,1,1,Arbitrum,-0.2322
2026-02-15,cbETH,Coinbase,ETH,1.06199,5.4,0.61,6.74,20929120423,122757,7,7,62,3,Optimism,-0.3138
2026-02-16,wstETH,Lido,ETH,1.063593,4.68,1.8,5.85,3504998137,14272,26,5,62,2,Base,0.1685
2026-02-17,rETH,Rocket Pool,ETH,1.056914,4.62,1.03,5.35,16167542965,15373,10,14,36,3,Ethereum,-0.0926
2026-02-18,sfrxETH,Frax,ETH,1.063573,3.76,0.72,4.84,24261999746,147539,1,13,62,3,Arbitrum,-0.3376
2026-02-19,osETH,StakeWise,ETH,1.073174,4.38,0.7,5.26,16986118214,72662,3,13,25,1,Optimism,0.3568
2026-02-20,ETHx,Stader,ETH,1.076792,5.53,1.69,7.21,17634835355,305882,24,5,19,0,Base,-0.373
2026-02-21,ankrETH,Ankr,ETH,1.055147,4.89,0.9,6.72,6599757127,371315,5,7,35,0,Ethereum,-0.4432
2026-02-22,cbETH,Coinbase,ETH,1.067402,3.96,1.26,4.83,22582872814,468126,7,11,25,1,Arbitrum,-0.42
2026-02-23,wstETH,Lido,ETH,1.074078,5.28,0.88,6.61,8623770810,291321,9,11,19,0,Optimism,-0.0936
2026-02-24,rETH,Rocket Pool,ETH,1.06674,5.28,1.08,6.04,7549784120,67665,22,10,33,2,Base,-0.4203
2026-02-25,sfrxETH,Frax,ETH,1.067113,4.06,0.41,4.86,15353881987,285362,6,2,9,1,Ethereum,0.2965
2026-02-26,osETH,StakeWise,ETH,1.083419,3.67,0.98,4.18,18273292862,142701,22,3,30,2,Arbitrum,0.3645
2026-02-27,ETHx,Stader,ETH,1.06784,3.11,0.57,3.68,1999082023,456834,20,7,6,2,Optimism,0.3339
2026-02-28,ankrETH,Ankr,ETH,1.078031,5.44,1.81,6.27,21126470240,148931,28,4,7,2,Base,-0.3655
2026-03-01,cbETH,Coinbase,ETH,1.063994,3.18,1.21,3.65,17859192647,104150,21,0,19,0,Ethereum,0.1691
2026-03-02,wstETH,Lido,ETH,1.074377,2.56,0.46,2.83,16620291157,423445,1,10,48,2,Arbitrum,0.3629
2026-03-03,rETH,Rocket Pool,ETH,1.087252,3.75,0.45,4.7,1408798770,403614,21,0,50,1,Optimism,0.2654
2026-03-04,sfrxETH,Frax,ETH,1.070404,3.68,0.75,4.47,446084226,327647,27,3,20,1,Base,-0.4834
2026-03-05,osETH,StakeWise,ETH,1.077775,2.89,0.49,3.37,17785038825,185267,11,2,53,1,Ethereum,-0.1999
2026-03-06,ETHx,Stader,ETH,1.069997,3.9,1.07,5.03,19349682403,383641,25,2,27,3,Arbitrum,0.2311
2026-03-07,ankrETH,Ankr,ETH,1.083158,4.36,0.52,5.53,24871596201,93229,10,0,16,0,Optimism,-0.1618
2026-03-08,cbETH,Coinbase,ETH,1.090787,5.36,0.65,6.66,756092915,454524,15,6,3,2,Base,0.2558
2026-03-09,wstETH,Lido,ETH,1.067553,4.73,1.47,6.36,21769580845,408197,27,2,19,1,Ethereum,-0.3442
2026-03-10,rETH,Rocket Pool,ETH,1.085851,5.36,2.09,6.34,23997463376,195983,28,9,22,0,Arbitrum,0.2391
2026-03-11,sfrxETH,Frax,ETH,1.090755,5.67,1.31,6.75,2765858548,231707,26,10,46,3,Optimism,0.2701
2026-03-12,osETH,StakeWise,ETH,1.075464,5.49,1.77,6.89,178098952,316726,18,8,9,0,Base,-0.3517
2026-03-13,ETHx,Stader,ETH,1.084242,3.85,0.42,4.51,24152884859,302727,12,12,68,2,Ethereum,-0.0478
2026-03-14,ankrETH,Ankr,ETH,1.073823,3.48,0.62,4.65,16839678223,182236,9,4,63,2,Arbitrum,0.291
2026-03-15,cbETH,Coinbase,ETH,1.073946,5.84,1.25,7.82,13723045725,136036,13,4,14,3,Optimism,-0.4387
2026-03-16,wstETH,Lido,ETH,1.092311,3.17,0.56,4.22,24584665110,384084,14,0,48,2,Base,0.2081
2026-03-17,rETH,Rocket Pool,ETH,1.086547,4.4,1.31,5.46,23537174210,84377,4,8,33,3,Ethereum,0.444
2026-03-18,sfrxETH,Frax,ETH,1.080166,3.32,1.18,3.99,9574254634,239223,22,9,18,0,Arbitrum,-0.3431
2026-03-19,osETH,StakeWise,ETH,1.078644,5.98,2.29,7.1,21763787548,407513,22,3,64,1,Optimism,0.2719
2026-03-20,ETHx,Stader,ETH,1.08912,5.45,1.96,6.84,7927360163,382174,20,7,31,0,Base,0.0437
2026-03-21,ankrETH,Ankr,ETH,1.108786,5.82,0.95,7.46,19532255259,468400,5,5,32,0,Ethereum,-0.2315
2026-03-22,cbETH,Coinbase,ETH,1.075437,4.49,0.72,5.16,5486416106,421560,10,2,61,0,Arbitrum,0.4886
2026-03-23,wstETH,Lido,ETH,1.081233,4.26,1.17,4.92,10265873787,21640,7,9,45,1,Optimism,0.3111
2026-03-24,rETH,Rocket Pool,ETH,1.081276,5.48,0.89,7.65,944593436,45468,7,7,46,0,Base,-0.0649
2026-03-25,sfrxETH,Frax,ETH,1.098874,3.58,0.93,4.04,18757996209,163643,29,13,54,3,Ethereum,-0.3984
2026-03-26,osETH,StakeWise,ETH,1.092487,4.76,0.84,6.03,13859293567,445366,25,10,72,3,Arbitrum,-0.3644
2026-03-27,ETHx,Stader,ETH,1.09258,4.88,1.26,6.49,8230130370,480542,6,1,50,1,Optimism,-0.3434
2026-03-28,ankrETH,Ankr,ETH,1.0,5.78,1.24,7.83,2863491843,289289,10,10,24,2,Base,-0.2599
2026-03-29,cbETH,Coinbase,ETH,1.000907,5.09,0.62,6.33,5934952506,126651,2,1,18,0,Ethereum,0.481
2026-03-30,wstETH,Lido,ETH,1.001736,5.66,1.93,7.59,19480622349,299883,23,11,19,1,Arbitrum,-0.2833
2026-03-31,rETH,Rocket Pool,ETH,1.002832,3.59,1.37,4.58,10798604275,473960,18,1,3,0,Optimism,0.0969
2026-04-01,sfrxETH,Frax,ETH,1.004556,4.09,1.21,5.48,418921715,435673,1,5,22,2,Base,-0.2403
2026-04-02,osETH,StakeWise,ETH,1.005906,4.58,0.85,6.2,1680464498,422753,20,6,21,3,Ethereum,-0.1384
2026-04-03,ETHx,Stader,ETH,1.007095,3.07,0.81,4.24,19838563157,183239,6,14,1,1,Arbitrum,0.2238
2026-04-04,ankrETH,Ankr,ETH,1.006463,5.25,2.07,7.13,17049406174,449626,15,14,1,3,Optimism,-0.2471
2026-04-05,cbETH,Coinbase,ETH,1.009102,3.03,0.92,3.72,10909361608,394482,11,8,18,2,Base,-0.184
2026-04-06,wstETH,Lido,ETH,1.010605,2.73,0.42,3.72,20130701838,220828,25,11,52,2,Ethereum,0.1165
2026-04-07,rETH,Rocket Pool,ETH,1.010869,2.93,1.13,3.9,2226659410,326367,5,8,62,0,Arbitrum,0.2256
2026-04-08,sfrxETH,Frax,ETH,1.011594,3.57,0.98,4.36,17209783463,484833,10,7,9,2,Optimism,-0.2683
2026-04-09,osETH,StakeWise,ETH,1.011502,4.39,1.48,4.93,4779836045,28344,0,6,70,1,Base,-0.4442
2026-04-10,ETHx,Stader,ETH,1.013816,5.11,1.09,7.02,6317407269,305662,15,7,59,1,Ethereum,0.109
2026-04-11,ankrETH,Ankr,ETH,1.012943,4.12,1.32,4.82,6267522615,21531,13,11,4,3,Arbitrum,0.2948
2026-04-12,cbETH,Coinbase,ETH,1.012254,4.53,1.19,5.17,16558460487,252484,3,13,43,2,Optimism,0.3379
2026-04-13,wstETH,Lido,ETH,1.013399,3.16,0.37,3.86,457421665,340408,3,1,61,3,Base,0.2183
2026-04-14,rETH,Rocket Pool,ETH,1.015365,4.48,1.61,6.23,18681377809,292189,17,7,33,1,Ethereum,-0.4764
2026-04-15,sfrxETH,Frax,ETH,1.018653,4.11,1.64,4.69,14681219285,297364,17,9,42,3,Arbitrum,0.1663
2026-04-16,osETH,StakeWise,ETH,1.016337,5.33,0.84,6.35,2842385053,231231,14,5,6,3,Optimism,-0.299
2026-04-17,ETHx,Stader,ETH,1.017315,3.1,1.08,4.12,24374029572,244491,0,10,67,0,Base,-0.1449
2026-04-18,ankrETH,Ankr,ETH,1.021145,3.24,0.67,3.6,1185170997,197545,26,5,67,2,Ethereum,0.2149
2026-04-19,cbETH,Coinbase,ETH,1.024213,3.75,0.65,5.13,3052938788,81338,2,13,36,1,Arbitrum,-0.1788
2026-04-20,wstETH,Lido,ETH,1.02049,5.16,1.96,6.08,10534403074,438024,21,2,32,2,Optimism,-0.3847
2026-04-21,rETH,Rocket Pool,ETH,1.019324,4.05,0.8,4.93,18756788797,277151,27,12,56,1,Base,0.4894
2026-04-22,sfrxETH,Frax,ETH,1.021861,4.53,1.33,5.81,6205067131,331174,12,10,5,0,Ethereum,0.183
2026-04-23,osETH,StakeWise,ETH,1.027105,2.88,1.04,3.84,23448916852,295167,25,14,1,3,Arbitrum,-0.2007
2026-04-24,ETHx,Stader,ETH,1.024027,5.25,0.88,5.95,2742982062,36244,5,11,46,1,Optimism,-0.4323
2026-04-25,ankrETH,Ankr,ETH,1.028533,5.31,1.61,6.27,16424305708,134261,1,6,49,1,Base,0.254
2026-04-26,cbETH,Coinbase,ETH,1.027785,4.06,1.53,4.7,10265183082,248973,20,10,26,0,Ethereum,-0.1425
2026-04-27,wstETH,Lido,ETH,1.032505,3.53,1.13,4.84,1190939237,109586,20,14,66,2,Arbitrum,0.13
2026-04-28,rETH,Rocket Pool,ETH,1.030187,3.69,0.9,5.05,23945747695,44498,2,13,17,1,Optimism,0.009
2026-04-29,sfrxETH,Frax,ETH,1.030299,3.97,1.07,5.15,24436245789,97019,3,1,39,0,Base,-0.2176
2026-04-30,osETH,StakeWise,ETH,1.038714,2.72,0.51,3.47,11445461677,74540,23,8,46,1,Ethereum,0.1073
2026-05-01,ETHx,Stader,ETH,1.032585,3.01,0.38,3.54,15889694182,476166,28,4,54,3,Arbitrum,0.3427
2026-05-02,ankrETH,Ankr,ETH,1.03818,5.03,1.96,6.51,1593533396,464808,14,7,48,2,Optimism,0.4239
2026-05-03,cbETH,Coinbase,ETH,1.029669,5.61,1.1,7.78,767965009,248220,10,2,15,2,Base,0.0212
2026-05-04,wstETH,Lido,ETH,1.032509,5.68,0.84,7.5,6158823043,64412,12,14,31,1,Ethereum,0.4306
2026-05-05,rETH,Rocket Pool,ETH,1.039137,4.29,1.08,5.86,19404049756,272044,7,10,27,0,Arbitrum,-0.3682
2026-05-06,sfrxETH,Frax,ETH,1.041032,3.33,1.31,3.82,17582456362,149235,30,2,21,2,Optimism,0.4575
2026-05-07,osETH,StakeWise,ETH,1.043158,5.99,1.36,7.68,21973733131,258740,9,14,48,2,Base,-0.2008
2026-05-08,ETHx,Stader,ETH,1.045615,5.58,1.42,6.8,4081215335,316718,12,10,9,2,Ethereum,0.4173
2026-05-09,ankrETH,Ankr,ETH,1.038942,3.34,0.4,4.06,12805792649,414187,26,11,33,3,Arbitrum,-0.3245
2026-05-10,cbETH,Coinbase,ETH,1.040913,5.1,1.95,6.28,8627148595,122976,10,14,16,1,Optimism,-0.0862
2026-05-11,wstETH,Lido,ETH,1.051351,2.87,0.52,3.56,20116588052,431935,12,5,70,2,Base,0.0545
2026-05-12,rETH,Rocket Pool,ETH,1.03976,3.68,1.17,4.63,2528443095,303439,3,12,43,1,Ethereum,0.4353
2026-05-13,sfrxETH,Frax,ETH,1.042559,3.28,1.1,3.65,20299871394,332250,2,2,56,1,Arbitrum,0.3543
2026-05-14,osETH,StakeWise,ETH,1.052253,5.56,1.08,7.1,7210563919,441181,30,3,63,3,Optimism,-0.2548
2026-05-15,ETHx,Stader,ETH,1.046385,4.2,1.18,5.54,11097406734,285420,11,5,34,2,Base,0.4101
2026-05-16,ankrETH,Ankr,ETH,1.054281,4.77,1.83,5.35,24401115862,136718,5,10,31,1,Ethereum,-0.4629
